 # de.tudarmstadt.ukp.dkpro.core.api.segmentation.type.Lemma | value # de.tudarmstadt.ukp.dkpro.core.api.lexmorph.type.pos.POS | PosValue # webanno.custom.Lexicalsample | Tag
#id=1
#text=Hvad er det lige, Dansk Folkeparti har opnået ud over endnu en symbolsag, ud over endnu et slag i luften?
1-1	Hvad	hvad	PR:s-u#:--:----	_	
1-2	er	være	VF:----:sa:----	_	
1-3	det	det	PP:s-un:--:-3n-	_	
1-4	lige	lige	D-:----:--:u---	_	
1-5	,	,	ZD	_	
1-6	Dansk	dansk	AC:siu§:--:p---	_	
1-7	Folkeparti	folkeparti	NC:siun:--:----	_	
1-8	har	have	VF:----:sa:----	_	
1-9	opnået	opnå	VT:siu#:t-:----	_	
1-10	ud	ud	D-:----:--:u---	_	
1-11	over	over	D-:----:--:u---	_	
1-12	endnu	endnu	D-:----:--:u---	_	
1-13	en	en	PI:s-uc:--:----	_	
1-14	symbolsag	symbolsag	NC:siuc:--:----	_	
1-15	,	,	ZD	_	
1-16	ud	ud	D-:----:--:u---	_	
1-17	over	over	D-:----:--:u---	_	
1-18	endnu	endnu	D-:----:--:u---	_	
1-19	et	en	PI:s-un:--:----	_	
1-20	slag	slag	NC:siun:--:----	slag_F_slag i luften	
1-21	i	i	T-:----:--:----	_	
1-22	luften	luft	NC:sduc:--:----	_	
1-23	?	?	ZQ	_	

#id=2
#text=Lovforslaget bryder nemlig i sit udgangspunkt med nogle helt grundlæggende principper i en retsstat - i vores grundlov og i forhold til internationale konventioner - når man med ét slag påfører en hel gruppe personer en række markante indgreb i deres bevægelsesfrihed, deres ret til familieliv og privatliv.
2-1	Lovforslaget	lovforslag	NC:sdun:--:----	_	
2-2	bryder	bryde	VF:----:sa:----	_	
2-3	nemlig	nemlig	D-:----:--:u---	_	
2-4	i	i	T-:----:--:----	_	
2-5	sit	sin	PO:s--n:--:-3ys	_	
2-6	udgangspunkt	udgangspunkt	NC:siun:--:----	_	
2-7	med	med	T-:----:--:----	_	
2-8	nogle	nogen	PI:p-u#:--:----	_	
2-9	helt	hel	AD:----:--:p---	_	
2-10	grundlæggende	grundlæggende	AC:§§u§:--:p---	_	
2-11	principper	princip	NC:piu#:--:----	_	
2-12	i	i	T-:----:--:----	_	
2-13	en	en	PI:s-uc:--:----	_	
2-14	retsstat	retsstat	NC:siuc:--:----	_	
2-15	-	-	NC:piu#:--:----	_	
2-16	i	i	T-:----:--:----	_	
2-17	vores	vores	PO:#--#:--:-1np	_	
2-18	grundlov	grundlov	NC:siuc:--:----	_	
2-19	og	og	CC:----:--:----	_	
2-20	i	i	T-:----:--:----	_	
2-21	forhold	forhold	NC:siun:--:----	_	
2-22	til	til	T-:----:--:----	_	
2-23	internationale	international	AC:p#u#:--:p---	_	
2-24	konventioner	konvention	NC:piu#:--:----	_	
2-25	-	-	ZH	_	
2-26	når	når	CS:----:--:----	_	
2-27	man	man	PI:#-uc:--:----	_	
2-28	med	med	T-:----:--:----	_	
2-29	ét	en	PI:s-un:--:----	_	
2-30	slag	slag	NC:siun:--:----	slag_F_med ét slag	
2-31	påfører	påføre	VF:----:sa:----	_	
2-32	en	en	PI:s-uc:--:----	_	
2-33	hel	hel	AC:siuc:--:p---	_	
2-34	gruppe	gruppe	NC:siuc:--:----	_	
2-35	personer	person	NC:piu#:--:----	_	
2-36	en	en	PI:s-uc:--:----	_	
2-37	række	række	NC:siuc:--:----	_	
2-38	markante	markant	AC:p#u#:--:p---	_	
2-39	indgreb	indgreb	NC:piu#:--:----	_	
2-40	i	i	T-:----:--:----	_	
2-41	deres	deres	PO:#--#:--:-3np	_	
2-42	bevægelsesfrihed	bevægelsesfrihed	NC:siuc:--:----	_	
2-43	,	,	ZD	_	
2-44	deres	deres	XY:----:--:----	_	
2-45	ret	ret	NC:siuc:--:----	_	
2-46	til	til	T-:----:--:----	_	
2-47	familieliv	familieliv	NC:siun:--:----	_	
2-48	og	og	CC:----:--:----	_	
2-49	privatliv	privatliv	NC:siun:--:----	_	
2-50	.	.	ZP	_	

#id=3
#text= Så det er et slag i luften, og det ved hr. Peter Skaarup godt.
3-1	Så	så	CS:----:--:----	_	
3-2	det	det	PP:s-un:--:-3n-	_	
3-3	er	være	VF:----:sa:----	_	
3-4	et	en	PI:s-un:--:----	_	
3-5	slag	slag	NC:siun:--:----	slag_F_slag i luften	
3-6	i	i	T-:----:--:----	_	
3-7	luften	luft	NC:sduc:--:----	_	
3-8	,	,	ZD	_	
3-9	og	og	CC:----:--:----	_	
3-10	det	det	PP:s-un:--:-3n-	_	
3-11	ved	ved	T-:----:--:----	_	
3-12	hr	herre	NC:siuc:--:----	_	
3-13	.	.	ZP	_	
3-14	Peter	Peter	NP:siu#:--:----	_	
3-15	Skaarup	Skaarup	NP:siu#:--:----	_	
3-16	godt	god	AD:----:--:p---	_	
3-17	.	.	ZP	_	

#id=4
#text= Det er et slag i luften, og det har ingen begrundelse, fordi vi jo netop har en arbejdsgruppe, som vil komme med en rapport den 1. februar.
4-1	Det	det	PP:s-un:--:-3n-	_	
4-2	er	være	VF:----:sa:----	_	
4-3	et	en	PI:s-un:--:----	_	
4-4	slag	slag	NC:siun:--:----	slag_F_slag i luften	
4-5	i	i	T-:----:--:----	_	
4-6	luften	luft	sduc:--:----	_	
4-7	,	,	ZD	_	
4-8	og	og	CC:----:--:----	_	
4-9	det	det	PP:s-un:--:-3n-	_	
4-10	har	have	VF:----:sa:----	_	
4-11	ingen	ingen	PI:s-uc:--:----	_	
4-12	begrundelse	begrundelse	NC:siuc:--:----	_	
4-13	,	,	ZD	_	
4-14	fordi	fordi	CS:----:--:----	_	
4-15	vi	vi	PP:p-nc:--:-1n-	_	
4-16	jo	jo	D-:----:--:u---	_	
4-17	netop	netop	D-:----:--:u---	_	
4-18	har	have	VF:----:sa:----	_	
4-19	en	en	PI:s-uc:--:----	_	
4-20	arbejdsgruppe	arbejdsgruppe	NC:siuc:--:----	_	
4-21	,	,	ZD	_	
4-22	som	som	US:----:--:----	_	
4-23	vil	ville	VF:----:sa:----	_	
4-24	komme	komme	VI:----:-a:----	_	
4-25	med	med	T-:----:--:----	_	
4-26	en	en	PI:s-uc:--:----	_	
4-27	rapport	rapport	NC:siuc:--:----	_	
4-28	den	den	PM:s-uc:--:----	_	
4-29	1	1	LO:--u#:--:----	_	
4-30	.	.	ZP	_	
4-31	februar	februar	NC:siuc:--:----	_	
4-32	.	.	ZP	_	

#id=5
#text=Dette lovforslag er i virkeligheden et af de hårdeste slag i luften, vi længe har været vidne til.
5-1	Dette	denne	PM:s-un:--:----	_	
5-2	lovforslag	lovforslag	NC:siun:--:----	_	
5-3	er	være	VF:----:sa:----	_	
5-4	i	i	T-:----:--:----	_	
5-5	virkeligheden	virkelighed	NC:sduc:--:----	_	
5-6	et	en	PI:s-un:--:----	_	
5-7	af	af	T-:----:--:----	_	
5-8	de	den	PM:p-u#:--:----	_	
5-9	hårdeste	hård	AC:§du§:--:s---	_	
5-10	slag	slag	NC:siun:--:----	slag_F_slag i luften	
5-11	i	i	T-:----:--:----	_	
5-12	luften	luft	NC:sduc:--:----	_	
5-13	,	,	ZD	_	
5-14	vi	vi	PP:p-nc:--:-1n-	_	
5-15	længe	længe	D-:----:--:u---	_	
5-16	har	have	VF:----:sa:----	_	
5-17	været	være	VT:siu#:t-:----	_	
5-18	vidne	vidne	NC:siun:--:----	_	
5-19	til	til	T-:----:--:----	_	
5-20	.	.	ZP	_	

#id=6
#text=Så jeg tror, der er en masse ting, Socialdemokraterne ikke har taget højde for, og det er vel også derfor, man sådan set lægger op til noget, som er et slag i luften.
6-1	Så	så	-:----	_	
6-2	jeg	jeg	PP:s-nc:--:-1n-	_	
6-3	tror	tro	VF:----:sa:----	_	
6-4	,	,	ZD	_	
6-5	der	der	US:----:--:----	_	
6-6	er	være	VF:----:sa:----	_	
6-7	en	en	PI:s-uc:--:----	_	
6-8	masse	masse	NC:siuc:--:----	_	
6-9	ting	ting	NC:piu#:--:----	_	
6-10	,	,	ZD	_	
6-11	Socialdemokraterne	socialdemokrat	NC:pdu#:--:----	_	
6-12	ikke	ikke	D-:----:--:u---	_	
6-13	har	have	VF:----:sa:----	_	
6-14	taget	tage	VT:siu#:t-:----	_	
6-15	højde	højde	NC:siuc:--:----	_	
6-16	for	for	T-:----:--:----	_	
6-17	,	,	ZD	_	
6-18	og	og	CC:----:--:----	_	
6-19	det	det	PP:s-un:--:-3n-	_	
6-20	er	være	VF:----:sa:----	_	
6-21	vel	vel	D-:----:--:u---	_	
6-22	også	også	D-:----:--:u---	_	
6-23	derfor	derfor	D-:----:--:u---	_	
6-24	,	,	ZD	_	
6-25	man	man	uc:--:----	_	
6-26	sådan	sådan	D-:----:--:u---	_	
6-27	set	se	VT:siu#:t-:----	_	
6-28	lægger	lægge	VF:----:sa:----	_	
6-29	op	op	D-:----:--:u---	_	
6-30	til	til	T-:----:--:----	_	
6-31	noget	nogen	PI:s-un:--:----	_	
6-32	,	,	ZD	_	
6-33	som	som	US:----:--:----	_	
6-34	er	være	VF:----:sa:----	_	
6-35	et	en	PI:s-un:--:----	_	
6-36	slag	slag	NC:siun:--:----	slag_F_slag i luften	
6-37	i	i	T-:----:--:----	_	
6-38	luften	luft	NC:sduc:--:----	_	
6-39	.	.	ZP	_	

#id=7
#text=Jeg har også diskuteret med den tidligere justitsminister, hvorfor det lige er 15 år, og det er der sådan set ingen, der kan sige andet om, end at det er sådan et slag på tasken, og at der så nok vil være ret stor sikkerhed for, at inventaret er afskrevet.
7-1	Jeg	jeg	PP:s-nc:--:-1n-	_	
7-2	har	have	VF:----:sa:----	_	
7-3	også	også	D-:----:--:u---	_	
7-4	diskuteret	diskutere	VT:siu#:t-:----	_	
7-5	med	med	T-:----:--:----	_	
7-6	den	den	PM:s-uc:--:----	_	
7-7	tidligere	tidlig	AC:##u#:--:c---	_	
7-8	justitsminister	justitsminister	NC:siuc:--:----	_	
7-9	,	,	ZD	_	
7-10	hvorfor	hvorfor	D-:----:--:u---	_	
7-11	det	det	PP:s-un:--:-3n-	_	
7-12	lige	lige	D-:----:--:u---	_	
7-13	er	være	VF:----:sa:----	_	
7-14	15	15	LC:--u-:--:----	_	
7-15	år	år	NC:piu#:--:----	_	
7-16	,	,	ZD	_	
7-17	og	og	CC:----:--:----	_	
7-18	det	det	PP:s-un:--:-3n-	_	
7-19	er	være	VF:----:sa:----	_	
7-20	der	der	US:----:--:----	_	
7-21	sådan	sådan	D-:----:--:u---	_	
7-22	set	se	VT:siu#:t-:----	_	
7-23	ingen	ingen	PI:s-uc:--:----	_	
7-24	,	,	ZD	_	
7-25	der	der	US:----:--:----	_	
7-26	kan	kunne	VF:----:sa:----	_	
7-27	sige	sige	VI:----:-a:----	_	
7-28	andet	anden	PI:s-un:--:----	_	
7-29	om	om	T-:----:--:----	_	
7-30	,	,	ZD	_	
7-31	end	end	CS:----:--:----	_	
7-32	at	at	CS:----:--:----	_	
7-33	det	det	PP:s-un:--:-3n-	_	
7-34	er	være	VF:----:sa:----	_	
7-35	sådan	sådan	D-:----:--:u---	_	
7-36	et	en	PI:s-un:--:----	_	
7-37	slag	slag	NC:siun:--:----	slag_F_slag på tasken	
7-38	på	på	T-:----:--:----	_	
7-39	tasken	taske	NC:sduc:--:----	_	
7-40	,	,	ZD	_	
7-41	og	og	CC:----:--:----	_	
7-42	at	at	CS:----:--:----	_	
7-43	der	der	US:----:--:----	_	
7-44	så	så	D-:----:--:u---	_	
7-45	nok	nok	D-:----:--:u---	_	
7-46	vil	ville	VF:----:sa:----	_	
7-47	være	være	VI:----:-a:----	_	
7-48	ret	ret	D-:----:--:u---	_	
7-49	stor	stor	AC:siuc:--:p---	_	
7-50	sikkerhed	sikkerhed	NC:siuc:--:----	_	
7-51	for	for	T-:----:--:----	_	
7-52	,	,	ZD	_	
7-53	at	at	CS:----:--:----	_	
7-54	inventaret	inventar	NC:sdun:--:----	_	
7-55	er	være	VF:----:sa:----	_	
7-56	afskrevet	afskrive	VT:siu#:t-:----	_	
7-57	.	.	ZP	_	

#id=8
#text= Men jeg synes jo, det var lidt underligt, at den konservative ordfører - og for den sags skyld også Venstres ordfører - ikke benyttede lejligheden til igen at slå et slag for det personlige ansvar, for så vidt jeg har forstået, indgår det som et meget vigtigt element i regeringens politik, at vi mennesker har et personligt ansvar for vores handlinger.
8-1	Men	men	CC:----:--:----	_	
8-2	jeg	jeg	PP:s-nc:--:-1n-	_	
8-3	synes	syne	VF:----:sp:----	_	
8-4	jo	jo	D-:----:--:u---	_	
8-5	,	,	ZD	_	
8-6	det	det	PP:s-un:--:-3n-	_	
8-7	var	være	VF:----:ta:----	_	
8-8	lidt	lidt	AD:----:--:p---	_	
8-9	underligt	underlig	AC:siun:--:p---	_	
8-10	,	,	ZD	_	
8-11	at	at	CS:----:--:----	_	
8-12	den	den	PM:s-uc:--:----	_	
8-13	konservative	konservativ	AC:sdu#:--:p---	_	
8-14	ordfører	ordfører	NW:----:--:----	_	
8-15	-	-	ZH	_	
8-16	og	og	CC:----:--:----	_	
8-17	for	for	T-:----:--:----	_	
8-18	den	den	PM:s-uc:--:----	_	
8-19	sags	sag	NC:sigc:--:----	_	
8-20	skyld	skyld	NC:siuc:--:----	_	
8-21	også	også	XY:----:--:----	_	
8-22	Venstres	venstre	NC:sign:--:----	_	
8-23	ordfører	ordfører	NW:----:--:----	_	
8-24	-	-	ZH	_	
8-25	ikke	ikke	D-:----:--:u---	_	
8-26	benyttede	benytte	VF:----:ta:----	_	
8-27	lejligheden	lejlighed	NC:sduc:--:----	_	
8-28	til	til	T-:----:--:----	_	
8-29	igen	igen	D-:----:--:u---	_	
8-30	at	at	UI:----:--:----	_	
8-31	slå	slå	VI:----:-a:----	_	
8-32	et	en	PI:s-un:--:----	_	
8-33	slag	slag	NC:siun:--:----	slag_F_slå et slag	
8-34	for	for	T-:----:--:----	_	
8-35	det	den	PM:s-un:--:----	_	
8-36	personlige	personlig	AC:sdu#:--:p---	_	
8-37	ansvar	ansvar	NC:siun:--:----	_	
8-38	,	,	ZD	_	
8-39	for	for	CC:----:--:----	_	
8-40	så	så	D-:----:--:u---	_	
8-41	vidt	vidt	D-:----:--:u---	_	
8-42	jeg	jeg	PP:s-nc:--:-1n-	_	
8-43	har	have	VF:----:sa:----	_	
8-44	forstået	forstå	VT:siu#:t-:----	_	
8-45	,	,	ZD	_	
8-46	indgår	indgå	VF:----:sa:----	_	
8-47	det	det	PP:s-un:--:-3n-	_	
8-48	som	som	US:----:--:----	_	
8-49	et	en	PI:s-un:--:----	_	
8-50	meget	megen	AD:----:--:p---	_	
8-51	vigtigt	vigtig	AC:siun:--:p---	_	
8-52	element	element	NC:siun:--:----	_	
8-53	i	i	T-:----:--:----	_	
8-54	regeringens	regering	NC:sdgc:--:----	_	
8-55	politik	politik	NC:siuc:--:----	_	
8-56	,	,	ZD	_	
8-57	at	at	CS:----:--:----	_	
8-58	vi	vi	PP:p-nc:--:-1n-	_	
8-59	mennesker	menneske	NC:piu#:--:----	_	
8-60	har	have	VF:----:sa:----	_	
8-61	et	en	PI:s-un:--:----	_	
8-62	personligt	personlig	AC:siun:--:p---	_	
8-63	ansvar	ansvar	NC:siun:--:----	_	
8-64	for	for	T-:----:--:----	_	
8-65	vores	vores	PO:#--#:--:-1np	_	
8-66	handlinger	handling	NC:piu#:--:----	_	
8-67	.	.	ZP	_	

#id=9
#text=Derudover har kommunerne som bekendt frit slag til at prioritere udgifter inden for de aftalte rammer, og jeg mener ikke, at vi skal begynde at prioritere for kommunerne ved at undtage energiinvesteringer eller andre udgiftstyper inden for den centrale ramme.
9-1	Derudover	derudover	D-:----:--:u---	_	
9-2	har	have	VF:----:sa:----	_	
9-3	kommunerne	kommune	NC:pdu#:--:----	_	
9-4	som	som	US:----:--:----	_	
9-5	bekendt	bekendt	AC:siu§:--:p---	_	
9-6	frit	fri	AC:siun:--:p---	_	
9-7	slag	slag	NC:siun:--:----	slag_F_frit slag	
9-8	til	til	T-:----:--:----	_	
9-9	at	at	UI:----:--:----	_	
9-10	prioritere	prioritere	VI:----:-a:----	_	
9-11	udgifter	udgift	NC:piu#:--:----	_	
9-12	inden	inden	T-:----:--:----	_	
9-13	for	for	T-:----:--:----	_	
9-14	de	den	PM:p-u#:--:----	_	
9-15	aftalte	aftale	VP:p#u#:t-:----	_	
9-16	rammer	ramme	NC:piu#:--:----	_	
9-17	,	,	ZD	_	
9-18	og	og	CC:----:--:----	_	
9-19	jeg	jeg	PP:s-nc:--:-1n-	_	
9-20	mener	mene	VF:----:sa:----	_	
9-21	ikke	ikke	D-:----:--:u---	_	
9-22	,	,	ZD	_	
9-23	at	at	CS:----:--:----	_	
9-24	vi	vi	PP:p-nc:--:-1n-	_	
9-25	skal	skulle	VF:----:sa:----	_	
9-26	begynde	begynde	VI:----:-a:----	_	
9-27	at	at	UI:----:--:----	_	
9-28	prioritere	prioritere	VI:----:-a:----	_	
9-29	for	for	T-:----:--:----	_	
9-30	kommunerne	kommune	NC:pdu#:--:----	_	
9-31	ved	ved	T-:----:--:----	_	
9-32	at	at	UI:----:--:----	_	
9-33	undtage	undtage	VI:----:-a:----	_	
9-34	energiinvesteringer	energiinvestering	NC:piu#:--:----	_	
9-35	eller	eller	CC:----:--:----	_	
9-36	andre	anden	PI:p-u#:--:----	_	
9-37	udgiftstyper	udgiftstype	NC:piu#:--:----	_	
9-38	inden	inden	T-:----:--:----	_	
9-39	for	for	T-:----:--:----	_	
9-40	den	den	PM:s-uc:--:----	_	
9-41	centrale	central	AC:sdu#:--:p---	_	
9-42	ramme	ramme	NC:siuc:--:----	_	
9-43	.	.	ZP	_	

#id=10
#text= Og med hensyn til, hvordan man skriver elevplanerne, er der jo meget frit slag.
10-1	Og	og	CC:----:--:----	_	
10-2	med	med	T-:----:--:----	_	
10-3	hensyn	hensyn	NC:siun:--:----	_	
10-4	til	til	T-:----:--:----	_	
10-5	,	,	ZD	_	
10-6	hvordan	hvordan	D-:----:--:u---	_	
10-7	man	man	PI:#-uc:--:----	_	
10-8	skriver	skrive	VF:----:sa:----	_	
10-9	elevplanerne	elevplan	NC:pdu#:--:----	_	
10-10	,	,	ZD	_	
10-11	er	være	VF:----:sa:----	_	
10-12	der	der	US:----:--:----	_	
10-13	jo	jo	D-:----:--:u---	_	
10-14	meget	megen	AD:----:--:p---	_	
10-15	frit	fri	AC:siun:--:p---	_	
10-16	slag	slag	NC:siun:--:----	slag_F_frit slag	
10-17	.	.	ZP	_	

#id=11
#text= Jeg er fuldstændig overbevist om, at det hårdeste slag, man kunne rette mod disse bander i dag, var en legalisering af hash, en sikring af, at det blev solgt under organiserede og lovlige former.
11-1	Jeg	jeg	PP:s-nc:--:-1n-	_	
11-2	er	være	VF:----:sa:----	_	
11-3	fuldstændig	fuldstændig	AD:----:--:p---	_	
11-4	overbevist	overbevise	VT:siu#:t-:----	_	
11-5	om	om	T-:----:--:----	_	
11-6	,	,	ZD	_	
11-7	at	at	CS:----:--:----	_	
11-8	det	den	PM:s-un:--:----	_	
11-9	hårdeste	hård	AC:§du§:--:s---	_	
11-10	slag	slag	NC:siun:--:----	slag_1b	
11-11	,	,	ZD	_	
11-12	man	man	PI:#-uc:--:----	_	
11-13	kunne	kunne	VF:----:ta:----	_	
11-14	rette	rette	-a:----	_	
11-15	mod	mod	T-:----:--:----	_	
11-16	disse	denne	PM:p-u#:--:----	_	
11-17	bander	bande	NC:piu#:--:----	_	
11-18	i	i	T-:----:--:----	_	
11-19	dag	dag	NC:siuc:--:----	_	
11-20	,	,	ZD	_	
11-21	var	være	VF:----:ta:----	_	
11-22	en	en	PI:s-uc:--:----	_	
11-23	legalisering	legalisering	NC:siuc:--:----	_	
11-24	af	af	T-:----:--:----	_	
11-25	hash	hash	NC:siuc:--:----	_	
11-26	,	,	ZD	_	
11-27	en	en	PI:s-uc:--:----	_	
11-28	sikring	sikring	NC:siuc:--:----	_	
11-29	af	af	T-:----:--:----	_	
11-30	,	,	ZD	_	
11-31	at	at	CS:----:--:----	_	
11-32	det	det	PP:s-un:--:-3n-	_	
11-33	blev	blive	VF:----:ta:----	_	
11-34	solgt	sælge	VT:siu#:t-:----	_	
11-35	under	under	T-:----:--:----	_	
11-36	organiserede	organisere	VP:p#u#:t-:----	_	
11-37	og	og	CC:----:--:----	_	
11-38	lovlige	lovlig	AC:p#u#:--:p---	_	
11-39	former	form	NC:piu#:--:----	_	
11-40	.	.	ZP	_	

#id=12
#text=Men misforstå mig ikke, jeg ved udmærket, at slaget skal vindes derhjemme og kampen kæmpes på Færøerne.
12-1	Men	men	CC:----:--:----	_	
12-2	misforstå	misforstå	VI:----:-a:----	_	
12-3	mig	jeg	PP:s-uc:--:-1#-	_	
12-4	ikke	ikke	D-:----:--:u---	_	
12-5	,	,	ZD	_	
12-6	jeg	jeg	PP:s-nc:--:-1n-	_	
12-7	ved	vide	VF:----:sa:----	_	
12-8	udmærket	udmærke	VT:siu#:t-:----	_	
12-9	,	,	ZD	_	
12-10	at	at	CS:----:--:----	_	
12-11	slaget	slag	NC:sdun:--:----	slag_2a	
12-12	skal	skulle	VF:----:sa:----	_	
12-13	vindes	vinde	VI:----:-p:----	_	
12-14	derhjemme	derhjemme	D-:----:--:u---	_	
12-15	og	og	CC:----:--:----	_	
12-16	kampen	kamp	NC:sduc:--:----	_	
12-17	kæmpes	kæmpe	VI:----:-p:----	_	
12-18	på	på	T-:----:--:----	_	
12-19	Færøerne	Færøerne	NP:siu#:--:----	_	
12-20	.	.	ZP	_	

#id=13
#text= Siden gik det slag i slag:
13-1	Siden	siden	D-:----:--:u---	_	
13-2	gik	gå	VF:----:ta:----	_	
13-3	det	den	PM:s-un:--:----	_	
13-4	slag	slag	NC:siun:--:----	slag_F_slag i slag	
13-5	i	i	T-:----:--:----	_	
13-6	slag	slag	NC:siun:--:----	slag_F_slag i slag	
13-7	:	:	ZP	_	

#id=14
#text= Hvorfor er man så tilbageholdende med at slå et slag for det rigtige synspunkt i offentligheden?
14-1	Hvorfor	hvorfor	D-:----:--:u---	_	
14-2	er	være	VF:----:sa:----	_	
14-3	man	man	PI:#-uc:--:----	_	
14-4	så	så	D-:----:--:u---	_	
14-5	tilbageholdende	tilbageholdende	AC:§§u§:--:p---	_	
14-6	med	med	T-:----:--:----	_	
14-7	at	at	UI:----:--:----	_	
14-8	slå	slå	VI:----:-a:----	_	
14-9	et	en	PI:s-un:--:----	_	
14-10	slag	slag	NC:siun:--:----	slag_F_slå et slag	
14-11	for	for	T-:----:--:----	_	
14-12	det	den	PM:s-un:--:----	_	
14-13	rigtige	rigtig	AC:sdu#:--:p---	_	
14-14	synspunkt	synspunkt	NC:siun:--:----	_	
14-15	i	i	T-:----:--:----	_	
14-16	offentligheden	offentlighed	NC:sduc:--:----	_	
14-17	?	?	ZQ	_	

#id=15
#text=Om de forslag, der bliver skitseret her, fristes man til at sige, at man godt kan synes - ligesom under en tidligere debat her i dag, hvor man fra Socialdemokraternes side sagde, at regeringen og flertallet i Folketinget med det omtalte anlægsloft osv. kom som en tyv om natten og ville ændre på  den måde, man gennemfører anlægsinvesteringer i kommunerne på - at fremsættelsen af det her beslutningsforslag måske minder lidt om, at Socialdemokraterne har sat en ulønnet skyggeminister i søen, som så skal prøve på at komme ministeren i forkøbet med hensyn til at slå et slag for, at vi kan få afbureaukratiseret Danmark.
15-1	Om	om	T-:----:--:----	_	
15-2	de	den	PM:p-u#:--:----	_	
15-3	forslag	forslag	NC:piu#:--:----	_	
15-4	,	,	ZD	_	
15-5	der	der	US:----:--:----	_	
15-6	bliver	blive	VF:----:sa:----	_	
15-7	skitseret	skitsere	VT:siu#:t-:----	_	
15-8	her	her	D-:----:--:u---	_	
15-9	,	,	ZD	_	
15-10	fristes	friste	VF:----:sp:----	_	
15-11	man	man	PI:#-uc:--:----	_	
15-12	til	til	T-:----:--:----	_	
15-13	at	at	UI:----:--:----	_	
15-14	sige	sige	VI:----:-a:----	_	
15-15	,	,	ZD	_	
15-16	at	at	CS:----:--:----	_	
15-17	man	man	PI:#-uc:--:----	_	
15-18	godt	god	AD:----:--:p---	_	
15-19	kan	kunne	VF:----:sa:----	_	
15-20	synes	syne	VI:----:-p:----	_	
15-21	-	-	NC:piu#:--:----	_	
15-22	ligesom	ligesom	D-:----:--:u---	_	
15-23	under	under	T-:----:--:----	_	
15-24	en	en	PI:s-uc:--:----	_	
15-25	tidligere	tidlig	AC:##u#:--:c---	_	
15-26	debat	debat	NC:siuc:--:----	_	
15-27	her	her	D-:----:--:u---	_	
15-28	i	i	T-:----:--:----	_	
15-29	dag	dag	NC:siuc:--:----	_	
15-30	,	,	ZD	_	
15-31	hvor	hvor	D-:----:--:u---	_	
15-32	man	man	PI:#-uc:--:----	_	
15-33	fra	fra	T-:----:--:----	_	
15-34	Socialdemokraternes	socialdemokrat	NC:pdg#:--:----	_	
15-35	side	side	NC:siuc:--:----	_	
15-36	sagde	sige	VF:----:ta:----	_	
15-37	,	,	ZD	_	
15-38	at	at	CS:----:--:----	_	
15-39	regeringen	regering	NC:sduc:--:----	_	
15-40	og	og	CC:----:--:----	_	
15-41	flertallet	flertal	NC:sdun:--:----	_	
15-42	i	i	T-:----:--:----	_	
15-43	Folketinget	folketing	NC:sdun:--:----	_	
15-44	med	med	T-:----:--:----	_	
15-45	det	den	PM:s-un:--:----	_	
15-46	omtalte	omtale	VP:sdu#:t-:----	_	
15-47	anlægsloft	anlægsloft	NC:siun:--:----	_	
15-48	osv	osv	D-:----:--:u---	_	
15-49	.	.	ZP	_	
15-50	kom	komme	VF:----:ta:----	_	
15-51	som	som	US:----:--:----	_	
15-52	en	en	PI:s-uc:--:----	_	
15-53	tyv	tyv	NC:siuc:--:----	_	
15-54	om	om	T-:----:--:----	_	
15-55	natten	nat	NC:sduc:--:----	_	
15-56	og	og	CC:----:--:----	_	
15-57	ville	ville	VF:----:ta:----	_	
15-58	ændre	ændre	VI:----:-a:----	_	
15-59	på	på	T-:----:--:----	_	
15-60	den	den	PM:s-uc:--:----	_	
15-61	måde	måde	NC:siuc:--:----	_	
15-62	,	,	ZD	_	
15-63	man	man	PI:#-uc:--:----	_	
15-64	gennemfører	gennemføre	VF:----:sa:----	_	
15-65	anlægsinvesteringer	anlægsinvestering	NC:piu#:--:----	_	
15-66	i	i	T-:----:--:----	_	
15-67	kommunerne	kommune	NC:pdu#:--:----	_	
15-68	på	på	T-:----:--:----	_	
15-69	-	-	NC:piu#:--:----	_	
15-70	at	at	CS:----:--:----	_	
15-71	fremsættelsen	fremsættelse	NC:sduc:--:----	_	
15-72	af	af	T-:----:--:----	_	
15-73	det	det	PP:s-un:--:-3n-	_	
15-74	her	her	D-:----:--:u---	_	
15-75	beslutningsforslag	beslutningsforslag	NC:siun:--:----	_	
15-76	måske	måske	D-:----:--:u---	_	
15-77	minder	minde	VF:----:sa:----	_	
15-78	lidt	lidt	AD:----:--:p---	_	
15-79	om	om	T-:----:--:----	_	
15-80	,	,	ZD	_	
15-81	at	at	CS:----:--:----	_	
15-82	Socialdemokraterne	socialdemokrat	NC:pdu#:--:----	_	
15-83	har	have	VF:----:sa:----	_	
15-84	sat	sætte	VT:siu#:t-:----	_	
15-85	en	en	PI:s-uc:--:----	_	
15-86	ulønnet	ulønnet	AC:siu§:--:p---	_	
15-87	skyggeminister	skyggeminister	NC:siuc:--:----	_	
15-88	i	i	T-:----:--:----	_	
15-89	søen	sø	NC:sduc:--:----	_	
15-90	,	,	ZD	_	
15-91	som	som	US:----:--:----	_	
15-92	så	så	D-:----:--:u---	_	
15-93	skal	skulle	VF:----:sa:----	_	
15-94	prøve	prøve	VI:----:-a:----	_	
15-95	på	på	T-:----:--:----	_	
15-96	at	at	UI:----:--:----	_	
15-97	komme	komme	VI:----:-a:----	_	
15-98	ministeren	minister	NC:sduc:--:----	_	
15-99	i	i	T-:----:--:----	_	
15-100	forkøbet	forkøbet	NC:sdun:--:----	_	
15-101	med	med	T-:----:--:----	_	
15-102	hensyn	hensyn	NC:siun:--:----	_	
15-103	til	til	T-:----:--:----	_	
15-104	at	at	UI:----:--:----	_	
15-105	slå	slå	VI:----:-a:----	_	
15-106	et	en	PI:s-un:--:----	_	
15-107	slag	slag	NC:siun:--:----	slag_F_slå et slag	
15-108	for	for	T-:----:--:----	_	
15-109	,	,	ZD	_	
15-110	at	at	CS:----:--:----	_	
15-111	vi	vi	PP:p-nc:--:-1n-	_	
15-112	kan	kunne	VF:----:sa:----	_	
15-113	få	få	VI:----:-a:----	_	
15-114	afbureaukratiseret	afbureaukratisere	VT:siu#:t-:----	_	
15-115	Danmark	Danmark	NP:siu#:--:----	_	
15-116	.	.	ZP	_	

#id=16
#text= Det er ikke bare dokumenteret, men også indrømmet af USA's regering, at tortur som f.eks. søvnberøvelse, vandplankning, slag og spark, seksuel ydmygelse, trusler og anden nedværdigende behandling af fanger er omfattende.
16-1	Det	det	PP:s-un:--:-3n-	_	
16-2	er	være	VF:----:sa:----	_	
16-3	ikke	ikke	D-:----:--:u---	_	
16-4	bare	bare	D-:----:--:u---	_	
16-5	dokumenteret	dokumentere	VT:siu#:t-:----	_	
16-6	,	,	ZD	_	
16-7	men	men	CC:----:--:----	_	
16-8	også	også	D-:----:--:u---	_	
16-9	indrømmet	indrømme	VT:siu#:t-:----	_	
16-10	af	af	T-:----:--:----	_	
16-11	USA	USA	NP:siu#:--:----	_	
16-12	'	'	ZA	_	
16-13	s	@s	MN:sig#:--:----	_	
16-14	regering	regering	NC:siuc:--:----	_	
16-15	,	,	ZD	_	
16-16	at	at	CS:----:--:----	_	
16-17	tortur	tortur	NC:siuc:--:----	_	
16-18	som	som	US:----:--:----	_	
16-19	f	for	T-:----:--:----	_	
16-20	.	.	ZP	_	
16-21	eks	eksempel	NC:siun:--:----	_	
16-22	.	.	ZP	_	
16-23	søvnberøvelse	søvnberøvelse	NC:siuc:--:----	_	
16-24	,	,	ZD	_	
16-25	vandplankning	vandplankningram	NC:piu#:--:----	_	
16-26	,	,	ZD	_	
16-27	slag	slag	NC:siun:--:----	slag_1_1c	
16-28	og	og	CC:----:--:----	_	
16-29	spark	spark	NC:piu#:--:----	_	
16-30	,	,	ZD	_	
16-31	seksuel	seksuel	AC:siuc:--:p---	_	
16-32	ydmygelse	ydmygelse	NC:siuc:--:----	_	
16-33	,	,	ZD	_	
16-34	trusler	trussel	NC:piu#:--:----	_	
16-35	og	og	CC:----:--:----	_	
16-36	anden	anden	PI:s-uc:--:----	_	
16-37	nedværdigende	nedværdige	VP:##u#:s-:----	_	
16-38	behandling	behandling	NC:siuc:--:----	_	
16-39	af	af	T-:----:--:----	_	
16-40	fanger	fange	NC:piu#:--:----	_	
16-41	er	være	VF:----:sa:----	_	
16-42	omfattende	omfattende	AC:§§u§:--:p---	_	
16-43	.	.	ZP	_	

#id=17
#text=Det vil vi gerne slå et slag for, og derfor synes jeg, at det er vigtigt, at vi også her under andenbehandlingen tager debatten.
17-1	Det	det	PP:s-un:--:-3n-	_	
17-2	vil	ville	VF:----:sa:----	_	
17-3	vi	vi	PP:p-nc:--:-1n-	_	
17-4	gerne	gerne	D-:----:--:u---	_	
17-5	slå	slå	VI:----:-a:----	_	
17-6	et	en	PI:s-un:--:----	_	
17-7	slag	slag	NC:siun:--:----	slag_F_slå et slag	
17-8	for	for	T-:----:--:----	_	
17-9	,	,	ZD	_	
17-10	og	og	CC:----:--:----	_	
17-11	derfor	derfor	D-:----:--:u---	_	
17-12	synes	syne	VF:----:sp:----	_	
17-13	jeg	jeg	PP:s-nc:--:-1n-	_	
17-14	,	,	ZD	_	
17-15	at	at	CS:----:--:----	_	
17-16	det	det	PP:s-un:--:-3n-	_	
17-17	er	være	VF:----:sa:----	_	
17-18	vigtigt	vigtig	AC:siun:--:p---	_	
17-19	,	,	ZD	_	
17-20	at	at	CS:----:--:----	_	
17-21	vi	vi	PP:p-nc:--:-1n-	_	
17-22	også	også	D-:----:--:u---	_	
17-23	her	her	D-:----:--:u---	_	
17-24	under	under	T-:----:--:----	_	
17-25	andenbehandlingen	andenbehandling	NC:sduc:--:----	_	
17-26	tager	tage	VF:----:sa:----	_	
17-27	debatten	debat	NC:sduc:--:----	_	
17-28	.	.	ZP	_	

#id=18
#text=Man siger med et slag på tasken, at op imod 40.000 kvinder lever med vold i hjemmet, og at omkring 30.000 børn vokser op i familier, hvor der er vold.
18-1	Man	man	PI:#-uc:--:----	_	
18-2	siger	sige	VF:----:sa:----	_	
18-3	med	med	T-:----:--:----	_	
18-4	et	en	PI:s-un:--:----	_	
18-5	slag	slag	NC:siun:--:----	slag_F_slag på tasken	
18-6	på	på	T-:----:--:----	_	
18-7	tasken	taske	NC:sduc:--:----	_	
18-8	,	,	ZD	_	
18-9	at	at	CS:----:--:----	_	
18-10	op	op	D-:----:--:u---	_	
18-11	imod	imod	T-:----:--:----	_	
18-12	40	40	LC:--u-:--:----	_	
18-13	.	.	ZP	_	
18-14	000	000	LC:--u-:--:----	_	
18-15	kvinder	kvinde	NC:piu#:--:----	_	
18-16	lever	leve	VF:----:sa:----	_	
18-17	med	med	T-:----:--:----	_	
18-18	vold	vold	NC:siuc:--:----	_	
18-19	i	i	T-:----:--:----	_	
18-20	hjemmet	hjem	NC:sdun:--:----	_	
18-21	,	,	ZD	_	
18-22	og	og	CC:----:--:----	_	
18-23	at	at	CS:----:--:----	_	
18-24	omkring	omkring	T-:----:--:----	_	
18-25	30	30	LC:--u-:--:----	_	
18-26	.	.	ZP	_	
18-27	000	000	LC:--u-:--:----	_	
18-28	børn	barn	NC:piu#:--:----	_	
18-29	vokser	vokse	VF:----:sa:----	_	
18-30	op	op	D-:----:--:u---	_	
18-31	i	i	T-:----:--:----	_	
18-32	familier	familie	NC:piu#:--:----	_	
18-33	,	,	ZD	_	
18-34	hvor	hvor	D-:----:--:u---	_	
18-35	der	der	US:----:--:----	_	
18-36	er	være	VF:----:sa:----	_	
18-37	vold	vold	NC:siuc:--:----	_	
18-38	.	.	ZP	_	

#id=19
#text= Skulle Enhedslisten få mulighed for et udøve indflydelse  på det, vil vi slå et slag for cyklisterne.
19-1	Skulle	skulle	VF:----:ta:----	_	
19-2	Enhedslisten	Enhedslisten	NP:siu#:--:----	_	
19-3	få	få	VI:----:-a:----	_	
19-4	mulighed	mulighed	NC:siuc:--:----	_	
19-5	for	for	T-:----:--:----	_	
19-6	et	en	PI:s-un:--:----	_	
19-7	udøve	udøve	VI:----:-a:----	_	
19-8	indflydelse	indflydelse	NC:siuc:--:----	_	
19-9	på	på	T-:----:--:----	_	
19-10	det	det	PP:s-un:--:-3n-	_	
19-11	,	,	ZD	_	
19-12	vil	ville	VF:----:sa:----	_	
19-13	vi	vi	PP:p-nc:--:-1n-	_	
19-14	slå	slå	VI:----:-a:----	_	
19-15	et	en	PI:s-un:--:----	_	
19-16	slag	slag	NC:siun:--:----	slag_F_slå et slag	
19-17	for	for	T-:----:--:----	_	
19-18	cyklisterne	cyklist	NC:pdu#:--:----	_	
19-19	.	.	ZP	_	

#id=20
#text=Så omkring cykel byer og cykelpuljen, som nok er det, der får flest slag fra regeringens side:
20-1	Så	så	D-:----:--:u---	_	
20-2	omkring	omkring	T-:----:--:----	_	
20-3	cykel	cykel	NC:siuc:--:----	_	
20-4	byer	by	NC:piu#:--:----	_	
20-5	og	og	CC:----:--:----	_	
20-6	cykelpuljen	cykelpulje	NC:sduc:--:----	_	
20-7	,	,	ZD	_	
20-8	som	som	US:----:--:----	_	
20-9	nok	nok	D-:----:--:u---	_	
20-10	er	være	VF:----:sa:----	_	
20-11	det	det	PP:s-un:--:-3n-	_	
20-12	,	,	ZD	_	
20-13	der	der	US:----:--:----	_	
20-14	får	få	VF:----:sa:----	_	
20-15	flest	flest	XY:----:--:----	_	
20-16	slag	slag	NC:siun:--:----	slag_1b	
20-17	fra	fra	T-:----:--:----	_	
20-18	regeringens	regering	NC:sdgc:--:----	_	
20-19	side	side	NC:siuc:--:----	_	
20-20	:	:	ZP	_	

#id=21
#text= Det synes vi er nogle ting, som det kan være vigtigt at komme igennem med, hvis man vil nå det resultat, som man siger er hensigten, nemlig at der kommer  et kommunalt engagement i fjernkøling, så en vedtagelse af forslaget ikke ender med bare at blive et slag i luften og stor ståhej for ingenting.
21-1	Det	det	PP:s-un:--:-3n-	_	
21-2	synes	syne	VF:----:sp:----	_	
21-3	vi	vi	PP:p-nc:--:-1n-	_	
21-4	er	være	VF:----:sa:----	_	
21-5	nogle	nogen	PI:p-u#:--:----	_	
21-6	ting	ting	NC:piu#:--:----	_	
21-7	,	,	ZD	_	
21-8	som	som	US:----:--:----	_	
21-9	det	det	PP:s-un:--:-3n-	_	
21-10	kan	kunne	VF:----:sa:----	_	
21-11	være	være	VI:----:-a:----	_	
21-12	vigtigt	vigtig	AC:siun:--:p---	_	
21-13	at	at	UI:----:--:----	_	
21-14	komme	komme	VI:----:-a:----	_	
21-15	igennem	igennem	D-:----:--:u---	_	
21-16	med	med	T-:----:--:----	_	
21-17	,	,	ZD	_	
21-18	hvis	hvis	CS:----:--:----	_	
21-19	man	man	PI:#-uc:--:----	_	
21-20	vil	ville	VF:----:sa:----	_	
21-21	nå	nå	VI:----:-a:----	_	
21-22	det	den	PM:s-un:--:----	_	
21-23	resultat	resultat	NC:siun:--:----	_	
21-24	,	,	ZD	_	
21-25	som	som	US:----:--:----	_	
21-26	man	man	PI:#-uc:--:----	_	
21-27	siger	sige	VF:----:sa:----	_	
21-28	er	være	VF:----:sa:----	_	
21-29	hensigten	hensigt	NC:sduc:--:----	_	
21-30	,	,	ZD	_	
21-31	nemlig	nemlig	D-:----:--:u---	_	
21-32	at	at	CS:----:--:----	_	
21-33	der	der	US:----:--:----	_	
21-34	kommer	komme	VF:----:sa:----	_	
21-35	et	en	PI:s-un:--:----	_	
21-36	kommunalt	kommunal	AC:siun:--:p---	_	
21-37	engagement	engagement	NC:siun:--:----	_	
21-38	i	i	T-:----:--:----	_	
21-39	fjernkøling	fjernkøling	NC:siuc:--:----	_	
21-40	,	,	ZD	_	
21-41	så	så	CS:----:--:----	_	
21-42	en	en	:----	_	
21-43	vedtagelse	vedtagelse	NC:siuc:--:----	_	
21-44	af	af	T-:----:--:----	_	
21-45	forslaget	forslag	NC:sdun:--:----	_	
21-46	ikke	ikke	D-:----:--:u---	_	
21-47	ender	ende	VF:----:sa:----	_	
21-48	med	med	D-:----:--:u---	_	
21-49	bare	bare	D-:----:--:u---	_	
21-50	at	at	UI:----:--:----	_	
21-51	blive	blive	VI:----:-a:----	_	
21-52	et	en	PI:s-un:--:----	_	
21-53	slag	slag	NC:siun:--:----	slag_F_slag i luften	
21-54	i	i	T-:----:--:----	_	
21-55	luften	luft	NC:sduc:--:----	_	
21-56	og	og	CC:----:--:----	_	
21-57	stor	stor	AC:siuc:--:p---	_	
21-58	ståhej	ståhej	NC:siun:--:----	_	
21-59	for	for	T-:----:--:----	_	
21-60	ingenting	ingenting	PI:s-un:--:----	_	
21-61	.	.	ZP	_	

#id=22
#text= Det er noget, der får os til at åbne blikket mod omverdenen og i høj grad også mod os selv, og det er derfor, et forslag som det her ikke bare er et slag i luften, men faktisk burde være et forslag, som gjorde, at vi tog fat på diskussionen om, hvordan vi geografisk, socialt og etnisk sikrer kulturtilbud af kvalitet, så vi vil bakke forslaget meget op.
22-1	Det	det	PP:s-un:--:-3n-	_	
22-2	er	være	VF:----:sa:----	_	
22-3	noget	nogen	PI:s-un:--:----	_	
22-4	,	,	ZD	_	
22-5	der	der	US:----:--:----	_	
22-6	får	få	VF:----:sa:----	_	
22-7	os	vi	PP:p-uc:--:-1#-	_	
22-8	til	til	T-:----:--:----	_	
22-9	at	at	UI:----:--:----	_	
22-10	åbne	åbne	VI:----:-a:----	_	
22-11	blikket	blik	NC:sdun:--:----	_	
22-12	mod	mod	T-:----:--:----	_	
22-13	omverdenen	omverden	NC:sduc:--:----	_	
22-14	og	og	CC:----:--:----	_	
22-15	i	i	T-:----:--:----	_	
22-16	høj	høj	AC:siuc:--:p---	_	
22-17	grad	grad	NC:siuc:--:----	_	
22-18	også	også	D-:----:--:u---	_	
22-19	mod	mod	T-:----:--:----	_	
22-20	os	vi	PP:p-uc:--:-1#-	_	
22-21	selv	selv	PM:#-u#:--:----	_	
22-22	,	,	ZD	_	
22-23	og	og	CC:----:--:----	_	
22-24	det	det	PP:s-un:--:-3n-	_	
22-25	er	være	VF:----:sa:----	_	
22-26	derfor	derfor	D-:----:--:u---	_	
22-27	,	,	ZD	_	
22-28	et	en	PI:s-un:--:----	_	
22-29	forslag	forslag	NC:siun:--:----	_	
22-30	som	som	US:----:--:----	_	
22-31	det	det	PP:s-un:--:-3n-	_	
22-32	her	her	D-:----:--:u---	_	
22-33	ikke	ikke	D-:----:--:u---	_	
22-34	bare	bare	D-:----:--:u---	_	
22-35	er	være	VF:----:sa:----	_	
22-36	et	en	PI:s-un:--:----	_	
22-37	slag	slag	NC:siun:--:----	slag_F_slag i luften	
22-38	i	i	T-:----:--:----	_	
22-39	luften	luft	NC:sduc:--:----	_	
22-40	,	,	ZD	_	
22-41	men	men	CC:----:--:----	_	
22-42	faktisk	faktisk	AD:----:--:p---	_	
22-43	burde	burde	VF:----:ta:----	_	
22-44	være	være	VI:----:-a:----	_	
22-45	et	en	PI:s-un:--:----	_	
22-46	forslag	forslag	NC:siun:--:----	_	
22-47	,	,	ZD	_	
22-48	som	som	US:----:--:----	_	
22-49	gjorde	gøre	VF:----:ta:----	_	
22-50	,	,	ZD	_	
22-51	at	at	CS:----:--:----	_	
22-52	vi	vi	PP:p-nc:--:-1n-	_	
22-53	tog	tage	VF:----:ta:----	_	
22-54	fat	fat	D-:----:--:u---	_	
22-55	på	på	T-:----:--:----	_	
22-56	diskussionen	diskussion	NC:sduc:--:----	_	
22-57	om	om	T-:----:--:----	_	
22-58	,	,	ZD	_	
22-59	hvordan	hvordan	D-:----:--:u---	_	
22-60	vi	vi	PP:p-nc:--:-1n-	_	
22-61	geografisk	geografisk	AC:siu§:--:p---	_	
22-62	,	,	ZD	_	
22-63	socialt	social	AD:----:--:p---	_	
22-64	og	og	CC:----:--:----	_	
22-65	etnisk	etnisk	AC:siu§:--:p---	_	
22-66	sikrer	sikre	VF:----:sa:----	_	
22-67	kulturtilbud	kulturtilbud	NC:siun:--:----	_	
22-68	af	af	T-:----:--:----	_	
22-69	kvalitet	kvalitet	NC:siuc:--:----	_	
22-70	,	,	ZD	_	
22-71	så	så	CS:----:--:----	_	
22-72	vi	vi	PP:p-nc:--:-1n-	_	
22-73	vil	ville	VF:----:sa:----	_	
22-74	bakke	bakke	VI:----:-a:----	_	
22-75	forslaget	forslag	NC:sdun:--:----	_	
22-76	meget	megen	AD:----:--:p---	_	
22-77	op	op	D-:----:--:u---	_	
22-78	.	.	ZP	_	

#id=23
#text=Hvis vi afskaffer blasfemiloven, er der frit slag for alle til at slynge forhånelser og beskyldninger i hovedet på anderledes troende mennesker, fordi de er anderledes troende.
23-1	Hvis	hvis	CS:----:--:----	_	
23-2	vi	vi	PP:p-nc:--:-1n-	_	
23-3	afskaffer	afskaffe	VF:----:sa:----	_	
23-4	blasfemiloven	blasfemilov	NC:sduc:--:----	_	
23-5	,	,	ZD	_	
23-6	er	være	VF:----:sa:----	_	
23-7	der	der	US:----:--:----	_	
23-8	frit	fri	AC:siun:--:p---	_	
23-9	slag	slag	NC:siun:--:----	slag_F_frit slag	
23-10	for	for	T-:----:--:----	_	
23-11	alle	al	PI:p-u#:--:----	_	
23-12	til	til	T-:----:--:----	_	
23-13	at	at	UI:----:--:----	_	
23-14	slynge	slynge	VI:----:-a:----	_	
23-15	forhånelser	forhånelse	NC:piu#:--:----	_	
23-16	og	og	CC:----:--:----	_	
23-17	beskyldninger	beskyldning	NC:piu#:--:----	_	
23-18	i	i	T-:----:--:----	_	
23-19	hovedet	hoved	NC:sdun:--:----	_	
23-20	på	på	T-:----:--:----	_	
23-21	anderledes	anderledes	AC:§§u§:--:p---	_	
23-22	troende	troende	AD:----:--:p---	_	
23-23	mennesker	menneske	NC:piu#:--:----	_	
23-24	,	,	ZD	_	
23-25	fordi	fordi	CS:----:--:----	_	
23-26	de	de	PP:p-n#:--:-3n-	_	
23-27	er	være	VF:----:sa:----	_	
23-28	anderledes	anderledes	AD:----:--:p---	_	
23-29	troende	troende	AD:----:--:p---	_	
23-30	.	.	ZP	_	

#id=24
#text= Vi har ikke nogen forestilling om, at EU-landene bare med ét slag begynder at samarbejde og gå i samme retning alle sammen.
24-1	Vi	vi	PP:p-nc:--:-1n-	_	
24-2	har	have	VF:----:sa:----	_	
24-3	ikke	ikke	D-:----:--:u---	_	
24-4	nogen	nogen	PI:s-uc:--:----	_	
24-5	forestilling	forestilling	NC:siuc:--:----	_	
24-6	om	om	T-:----:--:----	_	
24-7	,	,	ZD	_	
24-8	at	at	CS:----:--:----	_	
24-9	EU	EU	NP:siu#:--:----	_	
24-10	-	-	ZH	_	
24-11	landene	land	NC:pdu#:--:----	_	
24-12	bare	bare	D-:----:--:u---	_	
24-13	med	med	T-:----:--:----	_	
24-14	ét	en	PI:s-un:--:----	_	
24-15	slag	slag	NC:siun:--:----	slag_F_med ét slag	
24-16	begynder	begynde	VF:----:sa:----	_	
24-17	at	at	UI:----:--:----	_	
24-18	samarbejde	samarbejde	VI:----:-a:----	_	
24-19	og	og	CC:----:--:----	_	
24-20	gå	gå	VI:----:-a:----	_	
24-21	i	i	T-:----:--:----	_	
24-22	samme	samme	AC:§§u§:--:p---	_	
24-23	retning	retning	NC:siuc:--:----	_	
24-24	alle	al	PI:p-u#:--:----	_	
24-25	sammen	sammen	D-:----:--:u---	_	
24-26	.	.	ZP	_	

#id=25
#text= Er der ikke i dybet af hans sjæl alligevel en ubehagelig fornemmelse ved at være fortaler for en Lissabontraktat, der i realiteten betyder et slag imod dansk selvstændighed, dvs. imod den konservatisme, som jo skulle være kernen i udenrigsministerens holdning?
25-1	Er	være	VF:----:sa:----	_	
25-2	der	der	US:----:--:----	_	
25-3	ikke	ikke	D-:----:--:u---	_	
25-4	i	i	T-:----:--:----	_	
25-5	dybet	dyb	NC:sdun:--:----	_	
25-6	af	af	T-:----:--:----	_	
25-7	hans	hans	PO:#--#:--:-3ns	_	
25-8	sjæl	sjæl	NC:siuc:--:----	_	
25-9	alligevel	alligevel	D-:----:--:u---	_	
25-10	en	en	PI:s-uc:--:----	_	
25-11	ubehagelig	ubehagelig	AC:siuc:--:p---	_	
25-12	fornemmelse	fornemmelse	NC:siuc:--:----	_	
25-13	ved	ved	T-:----:--:----	_	
25-14	at	at	UI:----:--:----	_	
25-15	være	være	VI:----:-a:----	_	
25-16	fortaler	fortale	NC:piu#:--:----	_	
25-17	for	for	T-:----:--:----	_	
25-18	en	en	PI:s-uc:--:----	_	
25-19	Lissabontraktat	Lissabontraktat	NP:siu#:--:----	_	
25-20	,	,	ZD	_	
25-21	der	der	US:----:--:----	_	
25-22	i	i	T-:----:--:----	_	
25-23	realiteten	realitet	NC:sduc:--:----	_	
25-24	betyder	betyde	VF:----:sa:----	_	
25-25	et	en	PI:s-un:--:----	_	
25-26	slag	slag	NC:siun:--:----	slag_1b	
25-27	imod	imod	T-:----:--:----	_	
25-28	dansk	dansk	AC:siu§:--:p---	_	
25-29	selvstændighed	selvstændighed	NC:siuc:--:----	_	
25-30	,	,	ZD	_	
25-31	dvs	dvs	D-:----:--:u---	_	
25-32	.	.	ZP	_	
25-33	imod	imod	T-:----:--:----	_	
25-34	den	den	PM:s-uc:--:----	_	
25-35	konservatisme	konservatisme	NC:siuc:--:----	_	
25-36	,	,	ZD	_	
25-37	som	som	US:----:--:----	_	
25-38	jo	jo	D-:----:--:u---	_	
25-39	skulle	skulle	VF:----:ta:----	_	
25-40	være	være	VI:----:-a:----	_	
25-41	kernen	kerne	NC:sduc:--:----	_	
25-42	i	i	T-:----:--:----	_	
25-43	udenrigsministerens	udenrigsminister	NC:sdgc:--:----	_	
25-44	holdning	holdning	NC:siuc:--:----	_	
25-45	?	?	ZQ	_	

#id=26
#text= Nu er det imidlertid, som jeg og fru Anne Grete Holmsgaard tidligere i dag har argumenteret for, ikke muligt at kæde det sammen med processen i forbindelse med Lissabontraktaten - det ville bare være et slag i luften.
26-1	Nu	nu	D-:----:--:u---	_	
26-2	er	være	VF:----:sa:----	_	
26-3	det	det	PP:s-un:--:-3n-	_	
26-4	imidlertid	imidlertid	D-:----:--:u---	_	
26-5	,	,	ZD	_	
26-6	som	som	US:----:--:----	_	
26-7	jeg	jeg	PP:s-nc:--:-1n-	_	
26-8	og	og	CC:----:--:----	_	
26-9	fru	frue	NC:siuc:--:----	_	
26-10	Anne	Anne	NP:siu#:--:----	_	
26-11	Grete	Grete	NP:siu#:--:----	_	
26-12	Holmsgaard	Holmsgaard	NP:siu#:--:----	_	
26-13	tidligere	tidlig	AD:----:--:c---	_	
26-14	i	i	T-:----:--:----	_	
26-15	dag	dag	NC:siuc:--:----	_	
26-16	har	have	VF:----:sa:----	_	
26-17	argumenteret	argumentere	VT:siu#:t-:----	_	
26-18	for	for	T-:----:--:----	_	
26-19	,	,	ZD	_	
26-20	ikke	ikke	D-:----:--:u---	_	
26-21	muligt	mulig	AC:siun:--:p---	_	
26-22	at	at	UI:----:--:----	_	
26-23	kæde	kæde	VI:----:-a:----	_	
26-24	det	det	PP:s-un:--:-3n-	_	
26-25	sammen	sammen	D-:----:--:u---	_	
26-26	med	med	T-:----:--:----	_	
26-27	processen	proces	NC:sduc:--:----	_	
26-28	i	i	T-:----:--:----	_	
26-29	forbindelse	forbindelse	NC:siuc:--:----	_	
26-30	med	med	T-:----:--:----	_	
26-31	Lissabontraktaten	Lissabontraktaten	NP:siu#:--:----	_	
26-32	-	-	ZH	_	
26-33	det	det	XY:----:--:----	_	
26-34	ville	ville	VF:----:ta:----	_	
26-35	bare	bare	D-:----:--:u---	_	
26-36	være	være	VI:----:-a:----	_	
26-37	et	en	PI:s-un:--:----	_	
26-38	slag	slag	NC:siun:--:----	slag_F_slag i luften	
26-39	i	i	T-:----:--:----	_	
26-40	luften	luft	NC:sduc:--:----	_	
26-41	.	.	ZP	_	

#id=27
#text= Jeg vil slå et meget stærkt slag for, at vi faktisk prøver at genetablere en diskussion om, hvad en reel socialpolitik er, for det er ikke kun et spørgsmål om beskæftigelse, selv om det også er det.
27-1	Jeg	jeg	PP:s-nc:--:-1n-	_	
27-2	vil	ville	VF:----:sa:----	_	
27-3	slå	slå	VI:----:-a:----	_	
27-4	et	en	PI:s-un:--:----	_	
27-5	meget	megen	AD:----:--:p---	_	
27-6	stærkt	stærk	AC:siun:--:p---	_	
27-7	slag	slag	NC:siun:--:----	slag_F_slå et slag	
27-8	for	for	T-:----:--:----	_	
27-9	,	,	ZD	_	
27-10	at	at	CS:----:--:----	_	
27-11	vi	vi	PP:p-nc:--:-1n-	_	
27-12	faktisk	faktisk	AD:----:--:p---	_	
27-13	prøver	prøve	VF:----:sa:----	_	
27-14	at	at	UI:----:--:----	_	
27-15	genetablere	genetablere	VI:----:-a:----	_	
27-16	en	en	PI:s-uc:--:----	_	
27-17	diskussion	diskussion	:----	_	
27-18	om	om	T-:----:--:----	_	
27-19	,	,	ZD	_	
27-20	hvad	hvad	PR:s-u#:--:----	_	
27-21	en	en	PI:s-uc:--:----	_	
27-22	reel	reel	AC:siuc:--:p---	_	
27-23	socialpolitik	socialpolitik	NC:siuc:--:----	_	
27-24	er	være	VF:----:sa:----	_	
27-25	,	,	ZD	_	
27-26	for	for	CC:----:--:----	_	
27-27	det	det	PP:s-un:--:-3n-	_	
27-28	er	være	VF:----:sa:----	_	
27-29	ikke	ikke	D-:----:--:u---	_	
27-30	kun	kun	D-:----:--:u---	_	
27-31	et	en	PI:s-un:--:----	_	
27-32	spørgsmål	spørgsmål	NC:siun:--:----	_	
27-33	om	om	T-:----:--:----	_	
27-34	beskæftigelse	beskæftigelse	NC:siuc:--:----	_	
27-35	,	,	ZD	_	
27-36	selv	selv	D-:----:--:u---	_	
27-37	om	om	T-:----:--:----	_	
27-38	det	det	PP:s-un:--:-3n-	_	
27-39	også	også	D-:----:--:u---	_	
27-40	er	være	VF:----:sa:----	_	
27-41	det	det	PP:s-un:--:-3n-	_	
27-42	.	.	ZP	_	

#id=28
#text= Det er jo ikke sådan, at de, der i dag har unoterede aktier, små virksomheder i Danmark, med et slag bliver optaget til handel på et reguleret marked, det skal de altså gøre en indsats for.
28-1	Det	det	PP:s-un:--:-3n-	_	
28-2	er	være	VF:----:sa:----	_	
28-3	jo	jo	D-:----:--:u---	_	
28-4	ikke	ikke	D-:----:--:u---	_	
28-5	sådan	sådan	D-:----:--:u---	_	
28-6	,	,	ZD	_	
28-7	at	at	CS:----:--:----	_	
28-8	de	de	PP:p-n#:--:-3n-	_	
28-9	,	,	ZD	_	
28-10	der	der	US:----:--:----	_	
28-11	i	i	T-:----:--:----	_	
28-12	dag	dag	NC:siuc:--:----	_	
28-13	har	have	VF:----:sa:----	_	
28-14	unoterede	unotere	VP:p#u#:t-:----	_	
28-15	aktier	aktie	NC:piu#:--:----	_	
28-16	,	,	ZD	_	
28-17	små	lille	AC:p#u#:--:p---	_	
28-18	virksomheder	virksomhed	NC:piu#:--:----	_	
28-19	i	i	T-:----:--:----	_	
28-20	Danmark	Danmark	NP:siu#:--:----	_	
28-21	,	,	ZD	_	
28-22	med	med	T-:----:--:----	_	
28-23	et	en	PI:s-un:--:----	_	
28-24	slag	slag	NC:siun:--:----	slag_F_med ét slag	
28-25	bliver	blive	VF:----:sa:----	_	
28-26	optaget	optage	VT:siu#:t-:----	_	
28-27	til	til	T-:----:--:----	_	
28-28	handel	handel	NC:siuc:--:----	_	
28-29	på	på	T-:----:--:----	_	
28-30	et	en	PI:s-un:--:----	_	
28-31	reguleret	regulere	VT:siu#:t-:----	_	
28-32	marked	marked	NC:siun:--:----	_	
28-33	,	,	ZD	_	
28-34	det	det	PP:s-un:--:-3n-	_	
28-35	skal	skulle	VF:----:sa:----	_	
28-36	de	de	PP:p-n#:--:-3n-	_	
28-37	altså	altså	D-:----:--:u---	_	
28-38	gøre	gøre	VI:----:-a:----	_	
28-39	en	en	PI:s-uc:--:----	_	
28-40	indsats	indsats	NC:siuc:--:----	_	
28-41	for	for	T-:----:--:----	_	
28-42	.	.	ZP	_	

#id=29
#text=Alle de ting har jo en administrativ betydning og medfører nogle administrative omkostninger, så hvis vi vil have lovforslaget til at fungere og blive til mere end et slag i luften-forslag, tror jeg altså også, at kulturministeren skal gå over til finansministeren og sige, at han skal kigge lidt i lommerne og se, om der ikke findes noget, for ellers tror jeg, det bliver svært at se, at forslaget giver mening.
29-1	Alle	al	PI:p-u#:--:----	_	
29-2	de	den	PM:p-u#:--:----	_	
29-3	ting	ting	NC:piu#:--:----	_	
29-4	har	have	VF:----:sa:----	_	
29-5	jo	jo	D-:----:--:u---	_	
29-6	en	en	PI:s-uc:--:----	_	
29-7	administrativ	administrativ	AC:siuc:--:p---	_	
29-8	betydning	betydning	NC:siuc:--:----	_	
29-9	og	og	CC:----:--:----	_	
29-10	medfører	medføre	VF:----:sa:----	_	
29-11	nogle	nogen	PI:p-u#:--:----	_	
29-12	administrative	administrativ	AC:p#u#:--:p---	_	
29-13	omkostninger	omkostning	NC:piu#:--:----	_	
29-14	,	,	ZD	_	
29-15	så	så	D-:----:--:u---	_	
29-16	hvis	hvis	CS:----:--:----	_	
29-17	vi	vi	PP:p-nc:--:-1n-	_	
29-18	vil	ville	VF:----:sa:----	_	
29-19	have	have	VI:----:-a:----	_	
29-20	lovforslaget	lovforslag	NC:sdun:--:----	_	
29-21	til	til	T-:----:--:----	_	
29-22	at	at	UI:----:--:----	_	
29-23	fungere	fungere	VI:----:-a:----	_	
29-24	og	og	CC:----:--:----	_	
29-25	blive	blive	VI:----:-a:----	_	
29-26	til	til	T-:----:--:----	_	
29-27	mere	megen	:c---	_	
29-28	end	end	CS:----:--:----	_	
29-29	et	en	PI:s-un:--:----	_	
29-30	slag	slag	NC:siun:--:----	slag_F_slag i luften	
29-31	i	i	T-:----:--:----	_	
29-32	luften	luft	NW:----:--:----	_	
29-33	-	-	ZH	_	
29-34	forslag	forslag	NC:siun:--:----	_	
29-35	,	,	ZD	_	
29-36	tror	tro	VF:----:sa:----	_	
29-37	jeg	jeg	PP:s-nc:--:-1n-	_	
29-38	altså	altså	D-:----:--:u---	_	
29-39	også	også	D-:----:--:u---	_	
29-40	,	,	ZD	_	
29-41	at	at	CS:----:--:----	_	
29-42	kulturministeren	kulturminister	NC:sduc:--:----	_	
29-43	skal	skulle	VF:----:sa:----	_	
29-44	gå	gå	VI:----:-a:----	_	
29-45	over	over	D-:----:--:u---	_	
29-46	til	til	T-:----:--:----	_	
29-47	finansministeren	finansminister	NC:sduc:--:----	_	
29-48	og	og	CC:----:--:----	_	
29-49	sige	sige	VI:----:-a:----	_	
29-50	,	,	ZD	_	
29-51	at	at	CS:----:--:----	_	
29-52	han	han	PP:s-nc:--:-3n-	_	
29-53	skal	skulle	VF:----:sa:----	_	
29-54	kigge	kigge	VI:----:-a:----	_	
29-55	lidt	lidt	AD:----:--:p---	_	
29-56	i	i	T-:----:--:----	_	
29-57	lommerne	lom	NC:pdu#:--:----	_	
29-58	og	og	CC:----:--:----	_	
29-59	se	se	VI:----:-a:----	_	
29-60	,	,	ZD	_	
29-61	om	om	CS:----:--:----	_	
29-62	der	der	US:----:--:----	_	
29-63	ikke	ikke	D-:----:--:u---	_	
29-64	findes	finde	VF:----:sp:----	_	
29-65	noget	nogen	PI:s-un:--:----	_	
29-66	,	,	ZD	_	
29-67	for	for	CC:----:--:----	_	
29-68	ellers	ellers	D-:----:--:u---	_	
29-69	tror	tro	VF:----:sa:----	_	
29-70	jeg	jeg	PP:s-nc:--:-1n-	_	
29-71	,	,	ZD	_	
29-72	det	det	PP:s-un:--:-3n-	_	
29-73	bliver	blive	VF:----:sa:----	_	
29-74	svært	svær	AC:siun:--:p---	_	
29-75	at	at	UI:----:--:----	_	
29-76	se	se	VI:----:-a:----	_	
29-77	,	,	ZD	_	
29-78	at	at	CS:----:--:----	_	
29-79	forslaget	forslag	NC:sdun:--:----	_	
29-80	giver	give	VF:----:sa:----	_	
29-81	mening	mening	NC:siuc:--:----	_	
29-82	.	.	ZP	_	

#id=30
#text= Det er derfor, vi - lidt utraditionelt måske - har valgt at bruge vores præsentation af finanslovkravet til at slå et slag for nogle af de ting, som kan  skabe større tryghed.
30-1	Det	det	PP:s-un:--:-3n-	_	
30-2	er	være	VF:----:sa:----	_	
30-3	derfor	derfor	D-:----:--:u---	_	
30-4	,	,	ZD	_	
30-5	vi	VI	LC:--u-:--:----	_	
30-6	-	-	ZH	_	
30-7	lidt	lidt	AC:siu§:--:p---	_	
30-8	utraditionelt	utraditionel	AC:siun:--:p---	_	
30-9	måske	måske	D-:----:--:u---	_	
30-10	-	-	NC:piu#:--:----	_	
30-11	har	have	VF:----:sa:----	_	
30-12	valgt	vælge	VT:siu#:t-:----	_	
30-13	at	at	UI:----:--:----	_	
30-14	bruge	bruge	VI:----:-a:----	_	
30-15	vores	vores	PO:#--#:--:-1np	_	
30-16	præsentation	præsentation	NC:siuc:--:----	_	
30-17	af	af	T-:----:--:----	_	
30-18	finanslovkravet	finanslovkrav	NC:sdun:--:----	_	
30-19	til	til	T-:----:--:----	_	
30-20	at	at	UI:----:--:----	_	
30-21	slå	slå	VI:----:-a:----	_	
30-22	et	en	PI:s-un:--:----	_	
30-23	slag	slag	NC:siun:--:----	slag_F_slå et slag	
30-24	for	for	T-:----:--:----	_	
30-25	nogle	nogen	PI:p-u#:--:----	_	
30-26	af	af	T-:----:--:----	_	
30-27	de	den	PM:p-u#:--:----	_	
30-28	ting	ting	NC:piu#:--:----	_	
30-29	,	,	ZD	_	
30-30	som	som	US:----:--:----	_	
30-31	kan	kunne	VF:----:sa:----	_	
30-32	skabe	skabe	VI:----:-a:----	_	
30-33	større	stor	AC:##u#:--:c---	_	
30-34	tryghed	tryghed	NC:siuc:--:----	_	
30-35	.	.	ZP	_	

#id=31
#text= Det slag har vi tabt.
31-1	Det	den	PM:s-un:--:----	_	
31-2	slag	slag	NC:siun:--:----	slag_2a	
31-3	har	have	VF:----:sa:----	_	
31-4	vi	vi	PP:p-nc:--:-1n-	_	
31-5	tabt	tabe	VT:siu#:t-:----	_	
31-6	.	.	ZP	_	

#id=32
#text=2 eller 3 år er et slag i luften.
32-1	2	2	LC:--u-:--:----	_	
32-2	eller	eller	CC:----:--:----	_	
32-3	3	3	LC:--u-:--:----	_	
32-4	år	år	NC:piu#:--:----	_	
32-5	er	være	VF:----:sa:----	_	
32-6	et	en	PI:s-un:--:----	_	
32-7	slag	slag	NC:siun:--:----	slag_F_slag i luften	
32-8	i	i	T-:----:--:----	_	
32-9	luften	luft	NC:sduc:--:----	_	
32-10	.	.	ZP	_	

#id=33
#text= Den seneste tids debatter og medieomtale har vist, at vi kan gøre det bedre, og vi vil slå et stort slag for, at vi gør, hvad vi kan, og hvad der er muligt i det offentlige system.
33-1	Den	den	PM:s-uc:--:----	_	
33-2	seneste	sen	AC:§du§:--:s---	_	
33-3	tids	tid	NC:sigc:--:----	_	
33-4	debatter	debat	NC:piu#:--:----	_	
33-5	og	og	CC:----:--:----	_	
33-6	medieomtale	medieomtale	NC:siuc:--:----	_	
33-7	har	have	VF:----:sa:----	_	
33-8	vist	vise	VT:siu#:t-:----	_	
33-9	,	,	ZD	_	
33-10	at	at	CS:----:--:----	_	
33-11	vi	vi	PP:p-nc:--:-1n-	_	
33-12	kan	kunne	VF:----:sa:----	_	
33-13	gøre	gøre	VI:----:-a:----	_	
33-14	det	den	PM:s-un:--:----	_	
33-15	bedre	god	AC:##u#:--:c---	_	
33-16	,	,	ZD	_	
33-17	og	og	CC:----:--:----	_	
33-18	vi	vi	PP:p-nc:--:-1n-	_	
33-19	vil	ville	VF:----:sa:----	_	
33-20	slå	slå	VI:----:-a:----	_	
33-21	et	en	PI:s-un:--:----	_	
33-22	stort	stor	AC:siun:--:p---	_	
33-23	slag	slag	NC:siun:--:----	slag_F_slå et slag	
33-24	for	for	T-:----:--:----	_	
33-25	,	,	ZD	_	
33-26	at	at	CS:----:--:----	_	
33-27	vi	vi	PP:p-nc:--:-1n-	_	
33-28	gør	gøre	VF:----:sa:----	_	
33-29	,	,	ZD	_	
33-30	hvad	hvad	PR:s-u#:--:----	_	
33-31	vi	vi	PP:p-nc:--:-1n-	_	
33-32	kan	kunne	VF:----:sa:----	_	
33-33	,	,	ZD	_	
33-34	og	og	CC:----:--:----	_	
33-35	hvad	hvad	PR:s-u#:--:----	_	
33-36	der	der	US:----:--:----	_	
33-37	er	være	VF:----:sa:----	_	
33-38	muligt	mulig	AD:----:--:p---	_	
33-39	i	i	T-:----:--:----	_	
33-40	det	den	PM:s-un:--:----	_	
33-41	offentlige	offentlig	AC:sdu#:--:p---	_	
33-42	system	system	NC:siun:--:----	_	
33-43	.	.	ZP	_	

